{
    "Hide": 0b,
    "Fov": 70.0f,
    "Morphs": [
        {
            "Expire": 0,
            "Ortho": 1b,
            "Morph": {
                "Loop": 1,
                "List": [
                    {
                        "Random": 0.0f,
                        "SetDuration": 0b,
                        "Morph": {
                            "Color": 16777215,
                            "Animation": {
                                "Interp": 21,
                                "Animates": 1b,
                                "Duration": 5
                            },
                            "Texture": "b.a:image/skins/flashlight.png",
                            "Name": "blockbuster.image"
                        },
                        "Duration": 5.0f,
                        "EndPoint": 0b
                    },
                    {
                        "Random": 0.0f,
                        "SetDuration": 0b,
                        "Morph": {
                            "Animation": {
                                "Interp": 21,
                                "Animates": 1b,
                                "Duration": 5
                            },
                            "Texture": "b.a:image/skins/flashlight.png",
                            "Name": "blockbuster.image"
                        },
                        "Duration": 0.0f,
                        "EndPoint": 1b
                    }
                ],
                "Name": "sequencer",
                "Offset": [
                    0.0f,
                    0.0f,
                    0.0f
                ]
            },
            "OrthoY": 0.5f,
            "Scale": [
                967.55f,
                967.55f,
                967.55f
            ],
            "OrthoX": 0.5f,
            "Translate": [
                0.3125f,
                -0.78125f,
                0.0f
            ]
        }
    ]
}