{
    "Hide": 0b,
    "Fov": 70.0f,
    "Morphs": [
        {
            "Expire": 30,
            "Ortho": 0b,
            "Morph": {
                "Background": -2147483648,
                "Label": "Задачи: [e0 [f/ 5",
                "Name": "label"
            },
            "OrthoY": 0.0f,
            "Scale": [
                0.3f,
                0.3f,
                0.3f
            ],
            "OrthoX": 0.0f,
            "Translate": [
                0.0f,
                0.9f,
                0.0f
            ]
        }
    ]
}