{
    "Hide": 0b,
    "Fov": 70.0f,
    "Morphs": [
        {
            "Expire": 0,
            "Ortho": 1b,
            "Morph": {
                "Background": 1593835520,
                "Max": 62,
                "Label": "Стадия: [e0[f/7 [fВремя: 00:00",
                "Name": "label"
            },
            "OrthoY": 1.0f,
            "Scale": [
                55.5f,
                55.5f,
                55.5f
            ],
            "OrthoX": 0.0f,
            "Translate": [
                39.125f,
                -15.28125f,
                0.0f
            ]
        }
    ]
}