{
    "States": {
        "default": {
            "RespawnSaveUUID": 0b,
            "TriggerRespawn": {
                "Blocks": [
                ]
            },
            "TriggerTick": {
                "Blocks": [
                ]
            },
            "TriggerInitialize": {
                "Blocks": [
                ]
            },
            "Killable": 1b,
            "CanFallDamage": 1b,
            "States": {
            },
            "PathDistance": 32.0f,
            "Follow": "",
            "Xp": 0,
            "Morph": {
                "Hitbox": {
                    "Eye": 0.9f,
                    "Sneak": 1.65f,
                    "Enabled": 1b,
                    "Height": 1.8f
                },
                "Skin": "b.a:empty/skins/texture.png",
                "BodyParts": [
                    {
                        "T": [
                            0.0f,
                            -0.5f,
                            0.0f
                        ],
                        "Limb": "cube",
                        "Morph": {
                            "Name": "item",
                            "Stack": {
                                "id": "ifc:chair",
                                "Count": 1b,
                                "Damage": 0s
                            }
                        }
                    }
                ],
                "Settings": {
                    "Hands": 1b
                },
                "Name": "blockbuster.empty"
            },
            "Damage": 2.0f,
            "TriggerInteract": {
                "Blocks": [
                ]
            },
            "CanSwim": 1b,
            "Flee": 4.0f,
            "LookAtPlayer": 0b,
            "Respawn": 0b,
            "Immovable": 0b,
            "MaxHealth": 20.0f,
            "TriggerDamaged": {
                "Blocks": [
                ]
            },
            "PatrolTriggers": [
            ],
            "CanRanged": 0b,
            "Drops": [
            ],
            "Fallback": 15.0f,
            "Unique": 0b,
            "Id": "",
            "PatrolCirculate": 0b,
            "DamageDelay": 10,
            "CanGetBurned": 1b,
            "Wander": 0b,
            "RespawnOnCoordinates": 0b,
            "LookAround": 0b,
            "RespawnPosY": 0.0d,
            "RespawnDelay": 0,
            "RespawnPosX": 0.0d,
            "SightDistance": 25.0f,
            "RespawnPosZ": 0.0d,
            "Invincible": 1b,
            "TriggerDied": {
                "Blocks": [
                ]
            },
            "Faction": "",
            "Speed": 1.0f,
            "SightRadius": 120.0f,
            "Health": 20.0f,
            "Post": [
            ],
            "RegenDelay": 80,
            "TriggerTarget": {
                "Blocks": [
                ]
            },
            "RegenFrequency": 20,
            "HasPost": 0b,
            "Patrol": [
            ],
            "PostRadius": 1.0f
        }
    }
}