{
    "States": {
        "default": {
            "RespawnSaveUUID": 0b,
            "TriggerRespawn": {
                "Blocks": [
                ]
            },
            "TriggerTick": {
                "Blocks": [
                ]
            },
            "TriggerInitialize": {
                "Blocks": [
                ]
            },
            "Killable": 0b,
            "CanFallDamage": 0b,
            "States": {
                "edited": "false"
            },
            "PathDistance": 0.0f,
            "Follow": "",
            "Xp": 0,
            "Morph": {
                "CustomPose": {
                    "Size": [
                        0.6f,
                        1.8f,
                        0.6f
                    ],
                    "Poses": {
                        "right_arm": {
                            "P": [
                                -6.0f,
                                -2.0f,
                                0.0f
                            ],
                            "R": [
                                -0.0f,
                                -4.0E-6f,
                                -35.000008f
                            ],
                            "F": 1b
                        },
                        "left_leg": {
                            "P": [
                                2.0f,
                                -12.0f,
                                0.0f
                            ],
                            "F": 1b
                        },
                        "right_armwear": {
                            "P": [
                                0.0f,
                                -4.0f,
                                0.0f
                            ]
                        },
                        "outer": {
                            "P": [
                                0.0f,
                                4.0f,
                                0.0f
                            ]
                        },
                        "left_legwear": {
                            "P": [
                                0.0f,
                                -6.0f,
                                0.0f
                            ]
                        },
                        "body": {
                            "P": [
                                0.0f,
                                8.0f,
                                0.0f
                            ]
                        },
                        "bodywear": {
                            "P": [
                                0.0f,
                                -6.0f,
                                0.0f
                            ]
                        },
                        "head": {
                            "P": [
                                0.0f,
                                8.0f,
                                0.0f
                            ],
                            "R": [
                                -15.0f,
                                0.0f,
                                0.0f
                            ],
                            "F": 1b
                        },
                        "left_arm": {
                            "P": [
                                6.0f,
                                -2.0f,
                                0.0f
                            ],
                            "R": [
                                0.0f,
                                0.0f,
                                36.99998f
                            ],
                            "F": 1b
                        },
                        "right_leg": {
                            "P": [
                                -2.0f,
                                -12.0f,
                                0.0f
                            ],
                            "R": [
                                0.0f,
                                0.0f,
                                -23.000006f
                            ],
                            "F": 1b
                        },
                        "right_legwear": {
                            "P": [
                                0.0f,
                                -6.0f,
                                0.0f
                            ]
                        },
                        "anchor": {
                            "P": [
                                0.0f,
                                2.0f,
                                0.0f
                            ],
                            "R": [
                                90.0f,
                                0.0f,
                                0.0f
                            ],
                            "C": 16777215
                        },
                        "left_armwear": {
                            "P": [
                                0.0f,
                                -4.0f,
                                0.0f
                            ]
                        }
                    }
                },
                "Settings": {
                    "Hands": 1b
                },
                "Name": "blockbuster.fred"
            },
            "Damage": 0.0f,
            "TriggerInteract": {
                "Blocks": [
                ]
            },
            "CanSwim": 0b,
            "Flee": 4.0f,
            "LookAtPlayer": 0b,
            "Respawn": 0b,
            "Immovable": 1b,
            "MaxHealth": 0.0f,
            "TriggerDamaged": {
                "Blocks": [
                ]
            },
            "PatrolTriggers": [
            ],
            "CanRanged": 0b,
            "Drops": [
            ],
            "Fallback": 0.0f,
            "Unique": 0b,
            "Id": "",
            "PatrolCirculate": 0b,
            "DamageDelay": 0,
            "CanGetBurned": 0b,
            "Wander": 0b,
            "RespawnOnCoordinates": 0b,
            "LookAround": 0b,
            "RespawnPosY": 0.0d,
            "RespawnDelay": 0,
            "RespawnPosX": 0.0d,
            "SightDistance": 25.0f,
            "RespawnPosZ": 0.0d,
            "Invincible": 1b,
            "TriggerDied": {
                "Blocks": [
                ]
            },
            "Faction": "",
            "Speed": 0.0f,
            "SightRadius": 120.0f,
            "Health": 1.0f,
            "Post": [
            ],
            "RegenDelay": 80,
            "TriggerTarget": {
                "Blocks": [
                ]
            },
            "RegenFrequency": 1,
            "HasPost": 0b,
            "Patrol": [
            ],
            "PostRadius": 1.0f
        }
    }
}