{"stat.walkOneCm":2097757,"stat.playerKills":5,"stat.leaveGame":7,"stat.drop.ifc.signexitceiling":3,"stat.pickup.ifc.cardboard2":2,"stat.useItem.minecraft.potion":1,"stat.drop.minecraft.red_flower":1,"stat.jump":3668,"stat.swimOneCm":8,"stat.fallOneCm":15080,"stat.drop.ifc.crate4":1,"stat.crouchOneCm":34728,"stat.pickup.ifc.signexitceiling":3,"stat.sprintOneCm":2311498,"stat.drop.ifc.cardboard2":1,"stat.pickup.minecraft.potion":1,"stat.pickup.ifc.crate4":1,"stat.damageTaken":1812,"stat.flyOneCm":1219334,"stat.deaths":7,"stat.pickup.minecraft.glass_bottle":1,"stat.drop":7,"stat.playOneMinute":807049,"stat.pickup.minecraft.red_flower":2,"stat.sneakTime":11728,"stat.damageDealt":1040,"stat.timeSinceDeath":64508,"stat.drop.minecraft.glass_bottle":1,"stat.diveOneCm":807}