{"stat.pickup.ifc.garbage4":1,"stat.walkOneCm":4299270,"stat.playerKills":20,"stat.leaveGame":10,"stat.drop.chiselsandbits.chiseled_clay":1,"stat.useItem.chiselsandbits.block_bit":308,"stat.drop.ifc.signexitceiling":16,"stat.pickup.ifc.cardboard2":2,"stat.drop.minecraft.red_flower":2,"stat.jump":1910,"stat.swimOneCm":1218,"stat.useItem.minecraft.experience_bottle":2,"stat.drop.ifc.checkerready":1,"stat.drop.ifc.pliers":1,"stat.fallOneCm":25393,"stat.pickup.ifc.cardboard":2,"stat.drop.ifc.crate4":1,"stat.crouchOneCm":67402,"stat.pickup.ifc.signexitceiling":16,"stat.sprintOneCm":2337802,"stat.useItem.minecraft.stone_slab2":247,"stat.mineBlock.ifc.cardboard":2,"stat.drop.ifc.cardboard2":1,"stat.pickup.ifc.crate4":4,"stat.damageTaken":3014,"stat.useItem.chiselsandbits.chiseled_rock":128,"stat.flyOneCm":851671,"stat.deaths":7,"stat.pickup.minecraft.glass_bottle":1,"stat.drop":24,"stat.playOneMinute":1355925,"stat.pickup.minecraft.red_flower":1,"stat.sneakTime":39351,"stat.pickup.ifc.fireex":1,"stat.damageDealt":4189,"stat.timeSinceDeath":201425,"stat.drop.minecraft.glass_bottle":1,"stat.diveOneCm":6553,"stat.useItem.minecraft.fishing_rod":9,"stat.mineBlock.ifc.crate4":4}