{"stat.walkOneCm":4565003,"stat.playerKills":13,"stat.leaveGame":10,"stat.drop.ifc.signexitceiling":87,"stat.jump":5874,"stat.swimOneCm":16,"stat.drop.ifc.pliers":11,"stat.fallOneCm":10578,"stat.drop.ifc.crate4":1,"stat.crouchOneCm":147965,"stat.pickup.ifc.signexitceiling":87,"stat.sprintOneCm":6887350,"stat.pickup.ifc.crate4":1,"stat.damageTaken":7184,"stat.flyOneCm":3536182,"stat.deaths":23,"stat.drop":678,"stat.playOneMinute":1836359,"stat.sneakTime":44953,"stat.damageDealt":2893,"stat.timeSinceDeath":739156,"stat.diveOneCm":2060,"stat.drop.ifc.keycard":579}