{"stat.chestOpened":5,"stat.walkOneCm":5279527,"stat.playerKills":15,"stat.useItem.minecraft.chest":1,"stat.leaveGame":11,"stat.pickup.ifc.cardboard2":5,"stat.jump":2583,"stat.swimOneCm":756,"stat.drop.ifc.pliers":2,"stat.fallOneCm":18831,"stat.pickup.ifc.cardboard":3,"stat.mineBlock.ifc.cardboard2":5,"stat.crouchOneCm":132098,"stat.sprintOneCm":6932627,"stat.useItem.minecraft.stone_slab2":25,"stat.mineBlock.ifc.cardboard":3,"stat.drop.minecraft.potion":1,"stat.pickup.ifc.crate4":4,"stat.damageTaken":7311,"stat.flyOneCm":1399487,"stat.deaths":21,"stat.drop":277,"stat.playOneMinute":1662414,"stat.sneakTime":51426,"stat.damageDealt":3964,"stat.timeSinceDeath":544594,"stat.mineBlock.ifc.crate4":4,"stat.diveOneCm":23487,"stat.drop.ifc.keycard":273,"stat.drop.minecraft.stick":1}