{"stat.walkOneCm":634801,"stat.pickup.ifc.lamp1":1,"stat.leaveGame":10,"stat.damageTaken":180,"stat.useItem.chiselsandbits.block_bit":584,"stat.useItem.chiselsandbits.chiseled_rock":430,"stat.pickup.mappet.trigger":1,"stat.flyOneCm":920560,"stat.jump":758,"stat.swimOneCm":5674,"stat.playOneMinute":439913,"stat.climbOneCm":348,"stat.sneakTime":7398,"stat.crouchOneCm":15332,"stat.timeSinceDeath":439913,"stat.sprintOneCm":503629,"stat.useItem.minecraft.stone_slab2":2136,"stat.useItem.ifc.garbage2":2,"stat.useItem.ifc.garbage1":6,"stat.useItem.ifc.garbage4":1,"stat.diveOneCm":8461,"stat.useItem.ifc.garbage3":2,"stat.useItem.minecraft.water_bucket":15}