{"stat.chestOpened":1,"stat.useItem.chiselsandbits.chiseled_wood":5,"stat.useItem.minecraft.bow":1,"stat.walkOneCm":7440351,"stat.playerKills":6,"stat.leaveGame":40,"stat.useItem.ifc.plate1":2,"stat.useItem.chiselsandbits.block_bit":1815,"stat.drop.ifc.signexitceiling":69,"stat.pickup.ifc.cardboard2":1,"stat.useItem.ifc.concrete2":2,"stat.useItem.chiselsandbits.positiveprint":269,"stat.jump":9148,"stat.swimOneCm":1997,"stat.fallOneCm":45199,"stat.climbOneCm":440,"stat.pickup.minecraft.glowstone":1,"stat.pickup.ifc.cardboard":1,"stat.crouchOneCm":62448,"stat.pickup.ifc.signexitceiling":69,"stat.sprintOneCm":6089340,"stat.useItem.minecraft.stone_slab2":2250,"stat.pickup.ifc.crate4":1,"stat.damageTaken":3205,"stat.useItem.chiselsandbits.chiseled_cloth":9,"stat.useItem.chiselsandbits.chiseled_rock":512,"stat.flyOneCm":2595511,"stat.useItem.chiselsandbits.negativeprint":8,"stat.deaths":9,"stat.drop":72,"stat.playOneMinute":2747196,"stat.pickup.minecraft.torch":1,"stat.sneakTime":40059,"stat.useItem.ifc.daggeritem":7,"stat.useItem.ifc.crate4":2,"stat.damageDealt":1879,"stat.timeSinceDeath":687822,"stat.diveOneCm":16677,"stat.useItem.minecraft.fishing_rod":6,"stat.drop.ifc.keycard":3}