{"stat.walkOneCm":7971072,"stat.playerKills":19,"stat.leaveGame":29,"stat.useItem.chiselsandbits.block_bit":1334,"stat.drop.ifc.signexitceiling":9,"stat.jump":1925,"stat.swimOneCm":239,"stat.drop.ifc.checkerready":1,"stat.drop.ifc.pliers":2,"stat.fallOneCm":30396,"stat.crouchOneCm":92811,"stat.pickup.minecraft.chicken":1,"stat.pickup.ifc.signexitceiling":12,"stat.sprintOneCm":7393288,"stat.useItem.minecraft.stone_slab2":555,"stat.pickup.minecraft.cooked_rabbit":1,"stat.damageTaken":5689,"stat.useItem.chiselsandbits.chiseled_cloth":9,"stat.useItem.chiselsandbits.chiseled_rock":229,"stat.flyOneCm":2668354,"stat.deaths":15,"stat.drop":50,"stat.playOneMinute":3081964,"stat.sneakTime":51694,"stat.useItem.ifc.daggeritem":16,"stat.pickup.minecraft.diamond_block":1,"stat.damageDealt":4123,"stat.timeSinceDeath":786966,"stat.diveOneCm":1532,"stat.drop.ifc.keycard":38}