{"stat.useItem.ifc.terminal1":1,"stat.useItem.minecraft.iron_axe":2,"stat.leaveGame":151,"stat.pickup.ifc.pack_full":1,"stat.useItem.chiselsandbits.block_bit":1214,"stat.drop.ifc.syringebox_open":2,"stat.useItem.ifc.garbage10":6,"stat.pickup.minecraft.fishing_rod":1,"stat.swimOneCm":3918,"stat.drop.ifc.checkerready":7,"stat.climbOneCm":822,"stat.pickup.minecraft.glowstone":1,"stat.pickup.minecraft.porkchop":16,"stat.pickup.ifc.signexitceiling":62,"stat.useItem.ifc.checkerready":1,"stat.useItem.ifc.terminal2":1,"stat.useItem.ifc.terminal3":1,"stat.useItem.minecraft.stone_slab2":6300,"stat.useItem.ifc.terminal4":1,"stat.useItem.ifc.signexitceiling":17,"stat.useItem.minecraft.water_bucket":3,"stat.drop.minecraft.cooked_rabbit":1,"stat.useItem.ifc.pack_full":1,"stat.useItem.chiselsandbits.chiseled_cloth":4,"stat.flyOneCm":13139246,"stat.drop.ifc.checkerinnocent":1,"stat.drop.ifc.fireex":1,"stat.killEntity.Villager":1,"stat.timeSinceDeath":1524758,"stat.useItem.minecraft.spawn_egg":8,"stat.drop.ifc.keycard":22,"stat.useItem.ifc.pliers":1,"stat.drop.minecraft.diamond_block":1,"stat.pickup.minecraft.carpet":2,"stat.pickup.minecraft.wooden_button":1,"stat.pickup.ifc.checkerinfected":1,"stat.drop.ifc.daggeritem":4,"stat.drop.ifc.pliers":9,"stat.useItem.minecraft.milk_bucket":5,"stat.sprintOneCm":16946111,"stat.drop.ifc.cardboard2":2,"stat.pickup.ifc.lamp2":1,"stat.pickup.ifc.tablet":1,"stat.useItem.chiselsandbits.chiseled_rock":785,"stat.drop.ifc.cardboard":1,"stat.deaths":35,"stat.drop":104,"stat.playOneMinute":10085240,"stat.pickup.minecraft.stone_button":3,"stat.useItem.mappet.npc_tool":19,"stat.pickup.minecraft.iron_block":1,"stat.drop.minecraft.chest":5,"stat.drop.minecraft.torch":6,"stat.diveOneCm":23827,"stat.pickup.ifc.wires":1,"stat.pickup.ifc.garbage6":1,"stat.chestOpened":3,"stat.pickup.minecraft.sign":1,"stat.drop.ifc.checkerloading":3,"stat.drop.ifc.signexitceiling":75,"stat.drop.ifc.plate3":1,"stat.drop.ifc.plate2":2,"stat.jump":27839,"stat.fallOneCm":96508,"stat.drop.minecraft.stone":1,"stat.useItem.ifc.garbage8":11,"stat.useItem.ifc.garbage7":11,"stat.crouchOneCm":301414,"stat.useItem.ifc.garbage9":7,"stat.useItem.minecraft.stone_button":1,"stat.useItem.ifc.garbage2":3,"stat.drop.minecraft.glowstone":2,"stat.useItem.ifc.garbage1":3,"stat.useItem.ifc.garbage4":1,"stat.useItem.ifc.garbage3":3,"stat.useItem.ifc.garbage6":10,"stat.useItem.ifc.garbage5":12,"stat.drop.ifc.concrete1":1,"stat.damageTaken":7393,"stat.pickup.minecraft.feather":2,"stat.pickup.ifc.checkerloading":2,"stat.damageDealt":6016,"stat.drop.ifc.checkerinfected":1,"stat.killEntity.Pig":7,"stat.drop.blockbuster.dim_green":1,"stat.walkOneCm":13769044,"stat.playerKills":23,"stat.pickup.minecraft.stick":1,"stat.drop.ifc.signexitleft":1,"stat.drop.minecraft.chicken":1,"stat.pickup.minecraft.chicken":1,"stat.useItem.chiselsandbits.chiseled_clay":1,"stat.useItem.minecraft.iron_sword":6,"stat.killEntity.Chicken":1,"stat.drop.ifc.syringe":14,"stat.pickup.chiselsandbits.chiseled_clay":1,"stat.pickup.ifc.concrete4":1,"stat.pickup.ifc.concrete1":1,"stat.drop.ifc.lamp2":1,"stat.mobKills":9,"stat.pickup.ifc.signexitleft":1,"stat.useItem.minecraft.boat":1,"stat.pickup.ifc.plate3":1,"stat.pickup.minecraft.torch":1,"stat.drop.ifc.garbage6":1,"stat.pickup.ifc.checkerready":3,"stat.sneakTime":78528,"stat.useItem.ifc.daggeritem":3,"stat.useItem.minecraft.fishing_rod":41}